{"test_client": [1760784337.2998788], "test_user_123": [1760784361.779559, 1760784361.779944, 1760784361.780103]}