{"test_client": [1760784337.2998788], "test_user_123": [1760784361.779559, 1760784361.779944, 1760784361.780103], "127.0.0.1": [1761281027.098288, 1761281355.3422148, 1761281373.0128121]}